Q-1. Write an SQL query to determine the nth (say n=5) highest salary from a table.

mysql> select * from worker order by Salary Desc limit 4,1;
+-----------+------------+-----------+--------+---------------------+------------+
| WORKER_ID | FIRST_NAME | LAST_NAME | SALARY | JOINING_DATE        | DEPARTMENT |
+-----------+------------+-----------+--------+---------------------+------------+
|         1 | Monika     | Arora     | 100000 | 2014-02-20 09:00:00 | HR         |
+-----------+------------+-----------+--------+---------------------+------------+
1 row in set (0.00 sec)
------------------------------------------------------------------------------------------------------------------------------------------
 
Q-2. Write an SQL query to determine the 5th highest salary without using TOP or limit method.

select * from(select * ,rank() over (order by salary desc)as rk from worker)as t where rk=5;
+-----------+------------+-----------+--------+---------------------+------------+----+
| WORKER_ID | FIRST_NAME | LAST_NAME | SALARY | JOINING_DATE        | DEPARTMENT | rk |
+-----------+------------+-----------+--------+---------------------+------------+----+
|         1 | Monika     | Arora     | 100000 | 2014-02-20 09:00:00 | HR         |  5 |
+-----------+------------+-----------+--------+---------------------+------------+----+


------------------------------------------------------------------------------------------------------------------------------------------
 
Q-3. Write an SQL query to fetch the list of employees with the same salary.
 table.

mysql> select * from worker where salary in (select salary  from worker group by salary having count(*)>1);
+-----------+------------+-----------+--------+---------------------+------------+
| WORKER_ID | FIRST_NAME | LAST_NAME | SALARY | JOINING_DATE        | DEPARTMENT |
+-----------+------------+-----------+--------+---------------------+------------+
|         4 | Amitabh    | Singh     | 500000 | 2014-02-20 09:00:00 | Admin      |
|         5 | Vivek      | Bhati     | 500000 | 2014-06-11 09:00:00 | Admin      |
+-----------+------------+-----------+--------+---------------------+------------+
2 rows in set (0.01 sec)
------------------------------------------------------------------------------------------------------------------------------------------
Q-4. Write an SQL query to show one row twice in results from worker table.
 
mysql> select * from worker union all  select * from worker order by Worker_ID asc;
+-----------+------------+-----------+--------+---------------------+------------+
| WORKER_ID | FIRST_NAME | LAST_NAME | SALARY | JOINING_DATE        | DEPARTMENT |
+-----------+------------+-----------+--------+---------------------+------------+
|         1 | Monika     | Arora     | 100000 | 2014-02-20 09:00:00 | HR         |
|         1 | Monika     | Arora     | 100000 | 2014-02-20 09:00:00 | HR         |
|         2 | Niharika   | Verma     |  80000 | 2014-06-11 09:00:00 | Admin      |
|         2 | Niharika   | Verma     |  80000 | 2014-06-11 09:00:00 | Admin      |
|         3 | Vishal     | Singhal   | 300000 | 2014-02-20 09:00:00 | HR         |
|         3 | Vishal     | Singhal   | 300000 | 2014-02-20 09:00:00 | HR         |
|         4 | Amitabh    | Singh     | 500000 | 2014-02-20 09:00:00 | Admin      |
|         4 | Amitabh    | Singh     | 500000 | 2014-02-20 09:00:00 | Admin      |
|         5 | Vivek      | Bhati     | 500000 | 2014-06-11 09:00:00 | Admin      |
|         5 | Vivek      | Bhati     | 500000 | 2014-06-11 09:00:00 | Admin      |
|         6 | Vipul      | Diwan     | 200000 | 2014-06-11 09:00:00 | Account    |
|         6 | Vipul      | Diwan     | 200000 | 2014-06-11 09:00:00 | Account    |
|         7 | Satish     | Kumar     |  75000 | 2014-01-20 09:00:00 | Account    |
|         7 | Satish     | Kumar     |  75000 | 2014-01-20 09:00:00 | Account    |
|         8 | Geetika    | Chauhan   |  90000 | 2014-04-11 09:00:00 | Admin      |
|         8 | Geetika    | Chauhan   |  90000 | 2014-04-11 09:00:00 | Admin      |
+-----------+------------+-----------+--------+---------------------+------------+
16 rows in set (0.00 sec)

------------------------------------------------------------------------------------------------------------------------------------------

Q-5. Write an SQL query to fetch the first 50% records from worker table.

mysql> select * from
    -> (select *,rank() over(order by worker_id) as rn
    -> from worker)as ran
    -> where rn<=(select count(worker_id)/2 from worker);
+-----------+------------+-----------+--------+---------------------+------------+----+
| WORKER_ID | FIRST_NAME | LAST_NAME | SALARY | JOINING_DATE        | DEPARTMENT | rn |
+-----------+------------+-----------+--------+---------------------+------------+----+
|         1 | Monika     | Arora     | 100000 | 2014-02-20 09:00:00 | HR         |  1 |
|         2 | Niharika   | Verma     |  80000 | 2014-06-11 09:00:00 | Admin      |  2 |
|         3 | Vishal     | Singhal   | 300000 | 2014-02-20 09:00:00 | HR         |  3 |
|         4 | Amitabh    | Singh     | 500000 | 2014-02-20 09:00:00 | Admin      |  4 |
+-----------+------------+-----------+--------+---------------------+------------+----+
4 rows in set (0.01 sec)

------------------------------------------------------------------------------------------------------------------------------------------
Q-6. Write an SQL query to fetch the departments that have less than five people in it.

mysql> SELECT department, COUNT(*) as employee_count
    -> FROM worker
    -> GROUP BY department
    -> HAVING employee_count < 5;
+------------+----------------+
| department | employee_count |
+------------+----------------+
| HR         |              2 |
| Admin      |              4 |
| Account    |              2 |
+------------+----------------+
3 rows in set (0.00 sec)
------------------------------------------------------------------------------------------------------------------------------------------
 
Q-7. Write an SQL query to show all departments along with the number of people in there.


mysql> select department,count(department) from worker group by department;
+------------+-------------------+
| department | count(department) |
+------------+-------------------+
| HR         |                 2 |
| Admin      |                 4 |
| Account    |                 2 |
+------------+-------------------+
3 rows in set (0.00 sec)

------------------------------------------------------------------------------------------------------------------------------------------
 
Q-8. Write an SQL query to show the last record from worker table.

mysql> select * from worker order by worker_id desc limit 1;
+-----------+------------+-----------+--------+---------------------+------------+
| WORKER_ID | FIRST_NAME | LAST_NAME | SALARY | JOINING_DATE        | DEPARTMENT |
+-----------+------------+-----------+--------+---------------------+------------+
|         8 | Geetika    | Chauhan   |  90000 | 2014-04-11 09:00:00 | Admin      |
+-----------+------------+-----------+--------+---------------------+------------+
1 row in set (0.00 sec)

------------------------------------------------------------------------------------------------------------------------------------------
Q-9. Write an SQL query to fetch the first row of a worker  table.

mysql> select * from worker order by worker_id limit 1;
+-----------+------------+-----------+--------+---------------------+------------+
| WORKER_ID | FIRST_NAME | LAST_NAME | SALARY | JOINING_DATE        | DEPARTMENT |
+-----------+------------+-----------+--------+---------------------+------------+
|         1 | Monika     | Arora     | 100000 | 2014-02-20 09:00:00 | HR         |
+-----------+------------+-----------+--------+---------------------+------------+
1 row in set (0.00 sec)

------------------------------------------------------------------------------------------------------------------------------------------
Q-10. Write an SQL query to fetch the last five records from worker table.
mysql> select * from worker order by worker_id desc limit 5;
+-----------+------------+-----------+--------+---------------------+------------+
| WORKER_ID | FIRST_NAME | LAST_NAME | SALARY | JOINING_DATE        | DEPARTMENT |
+-----------+------------+-----------+--------+---------------------+------------+
|         8 | Geetika    | Chauhan   |  90000 | 2014-04-11 09:00:00 | Admin      |
|         7 | Satish     | Kumar     |  75000 | 2014-01-20 09:00:00 | Account    |
|         6 | Vipul      | Diwan     | 200000 | 2014-06-11 09:00:00 | Account    |
|         5 | Vivek      | Bhati     | 500000 | 2014-06-11 09:00:00 | Admin      |
|         4 | Amitabh    | Singh     | 500000 | 2014-02-20 09:00:00 | Admin      |
+-----------+------------+-----------+--------+---------------------+------------+
5 rows in set (0.00 sec)
------------------------------------------------------------------------------------------------------------------------------------------
 
Q-11. Write an SQL query to print the name of employees having the highest salary in each department.

mysql> select * from (select *,rank() over(partition by department order by salary desc)dprn
    ->  from worker)as df
    -> where dprn=1;
+-----------+------------+-----------+--------+---------------------+------------+------+
| WORKER_ID | FIRST_NAME | LAST_NAME | SALARY | JOINING_DATE        | DEPARTMENT | dprn |
+-----------+------------+-----------+--------+---------------------+------------+------+
|         6 | Vipul      | Diwan     | 200000 | 2014-06-11 09:00:00 | Account    |    1 |
|         4 | Amitabh    | Singh     | 500000 | 2014-02-20 09:00:00 | Admin      |    1 |
|         5 | Vivek      | Bhati     | 500000 | 2014-06-11 09:00:00 | Admin      |    1 |
|         3 | Vishal     | Singhal   | 300000 | 2014-02-20 09:00:00 | HR         |    1 |
+-----------+------------+-----------+--------+---------------------+------------+------+
4 rows in set (0.00 sec)

------------------------------------------------------------------------------------------------------------------------------------------
Q-12. Write an SQL query to fetch three max salaries from a table.

mysql> select * from worker order by salary desc limit 3;
+-----------+------------+-----------+--------+---------------------+------------+
| WORKER_ID | FIRST_NAME | LAST_NAME | SALARY | JOINING_DATE        | DEPARTMENT |
+-----------+------------+-----------+--------+---------------------+------------+
|         4 | Amitabh    | Singh     | 500000 | 2014-02-20 09:00:00 | Admin      |
|         5 | Vivek      | Bhati     | 500000 | 2014-06-11 09:00:00 | Admin      |
|         3 | Vishal     | Singhal   | 300000 | 2014-02-20 09:00:00 | HR         |
+-----------+------------+-----------+--------+---------------------+------------+
3 rows in set (0.00 sec)
------------------------------------------------------------------------------------------------------------------------------------------ 
Q-13. Write an SQL query to fetch three min salaries from a table.

mysql> select * from worker order by salary limit 3;
+-----------+------------+-----------+--------+---------------------+------------+
| WORKER_ID | FIRST_NAME | LAST_NAME | SALARY | JOINING_DATE        | DEPARTMENT |
+-----------+------------+-----------+--------+---------------------+------------+
|         7 | Satish     | Kumar     |  75000 | 2014-01-20 09:00:00 | Account    |
|         2 | Niharika   | Verma     |  80000 | 2014-06-11 09:00:00 | Admin      |
|         8 | Geetika    | Chauhan   |  90000 | 2014-04-11 09:00:00 | Admin      |
+-----------+------------+-----------+--------+---------------------+------------+
3 rows in set (0.00 sec)
------------------------------------------------------------------------------------------------------------------------------------------
 
Q-14. Write an SQL query to fetch nth max salaries from a table.

mysql> select * from worker order by salary limit 1 offset 3;
+-----------+------------+-----------+--------+---------------------+------------+
| WORKER_ID | FIRST_NAME | LAST_NAME | SALARY | JOINING_DATE        | DEPARTMENT |
+-----------+------------+-----------+--------+---------------------+------------+
|         1 | Monika     | Arora     | 100000 | 2014-02-20 09:00:00 | HR         |
+-----------+------------+-----------+--------+---------------------+------------+
1 row in set (0.00 sec)
 
------------------------------------------------------------------------------------------------------------------------------------------
Q-15. Write an SQL query to fetch departments along with the total salaries paid for each of them.
mysql> select department,sum(salary) from worker group by Department;
+------------+-------------+
| department | sum(salary) |
+------------+-------------+
| HR         |      400000 |
| Admin      |     1170000 |
| Account    |      275000 |
+------------+-------------+
3 rows in set (0.00 sec)
------------------------------------------------------------------------------------------------------------------------------------------
 

